--LAB-2--

CREATE DATABASE CSE_3A_267;

--TABLE-1--

CREATE TABLE DEPOSIT(ACTNO INT , CNAME VARCHAR(50) , BNAME VARCHAR(50) , AMOUNT DECIMAL(8,2) , ADATE DATETIME );

INSERT INTO DEPOSIT(ACTNO  , CNAME  , BNAME  , AMOUNT  , ADATE  ) VALUES (101,'ANIL','VRCE',1000.00,'1995-03-01');
INSERT INTO DEPOSIT(ACTNO  , CNAME  , BNAME  , AMOUNT  , ADATE  ) VALUES (102,'SUIL','AJNI',5000.00,'1996-01-04');
INSERT INTO DEPOSIT(ACTNO  , CNAME  , BNAME  , AMOUNT  , ADATE  ) VALUES (103,'MEHUL','KAROLBAGH',3500.00,'1995-11-17');
INSERT INTO DEPOSIT(ACTNO  , CNAME  , BNAME  , AMOUNT  , ADATE  ) VALUES (104,'MADHURI','CHANDI',1200.00,'1995-12-17');
INSERT INTO DEPOSIT(ACTNO  , CNAME  , BNAME  , AMOUNT  , ADATE  ) VALUES (105,'PRAMOD','M.G ROAD',3000.00,'1996-03-27');
INSERT INTO DEPOSIT(ACTNO  , CNAME  , BNAME  , AMOUNT  , ADATE  ) VALUES (106,'SANDIP','ANDHERI',2000.00,'1996-03-31');
INSERT INTO DEPOSIT(ACTNO  , CNAME  , BNAME  , AMOUNT  , ADATE  ) VALUES (107,'SHIVANI','VIRAR',1000.00,'1995-09-05');
INSERT INTO DEPOSIT(ACTNO  , CNAME  , BNAME  , AMOUNT  , ADATE  ) VALUES (108,'KRANTI','NEHRU PALACE',5000.00,'1995-07-02');
INSERT INTO DEPOSIT(ACTNO  , CNAME  , BNAME  , AMOUNT  , ADATE  ) VALUES (109,'MINU','POWAI',7000.00,'1995-08-10');


--FOR SEEING TABLE THIS COMMAND JUST SELECT THE COMMAND AND EXECUTE--
SELECT *
FROM DEPOSIT;


--TABLE-2--

CREATE TABLE BRANCH(BNAME VARCHAR(50) , CITY VARCHAR(50) );

INSERT INTO BRANCH(BNAME , CITY ) VALUES ( 'VRCE' , 'NAGPUR' );
INSERT INTO BRANCH(BNAME , CITY ) VALUES ( 'AJNI' , 'NAGPUR' );
INSERT INTO BRANCH(BNAME , CITY ) VALUES ( 'KAROLBAGH' , 'DELHI' );
INSERT INTO BRANCH(BNAME , CITY ) VALUES ( 'CHANDI' , 'DELHI' );
INSERT INTO BRANCH(BNAME , CITY ) VALUES ( 'DHARAMPETH' , 'NAGPUR' );
INSERT INTO BRANCH(BNAME , CITY ) VALUES ( 'M.G ROAD' , 'BANGLORE' );
INSERT INTO BRANCH(BNAME , CITY ) VALUES ( 'ANDHERI' , 'NAGPUR' );
INSERT INTO BRANCH(BNAME , CITY ) VALUES ( 'VIRAR' , 'NAGPUR' );
INSERT INTO BRANCH(BNAME , CITY ) VALUES ( 'NEHRU PALACE' , 'DELHI' );
INSERT INTO BRANCH(BNAME , CITY ) VALUES ( 'POWAI' , 'BOMBAY' );

SELECT *
FROM BRANCH;


--TABLE-3--

CREATE TABLE CUSTOMERS( CNAME VARCHAR(50) , CITY VARCHAR(50) );

INSERT INTO CUSTOMERS( CNAME , CITY ) VALUES ( 'ANIL' , 'CALCUTTA' );
INSERT INTO CUSTOMERS( CNAME , CITY ) VALUES ( 'SUNIL' , 'DELHI' );
INSERT INTO CUSTOMERS( CNAME , CITY ) VALUES ( 'MEHUL' , 'BARODA' );
INSERT INTO CUSTOMERS( CNAME , CITY ) VALUES ( 'MANDAR' , 'PATNA' );
INSERT INTO CUSTOMERS( CNAME , CITY ) VALUES ( 'MADHURI' , 'NAGPUR' );
INSERT INTO CUSTOMERS( CNAME , CITY ) VALUES ( 'PRAMOD' , 'NAGPUR' );
INSERT INTO CUSTOMERS( CNAME , CITY ) VALUES ( 'SANDIP' , 'SURAT' );
INSERT INTO CUSTOMERS( CNAME , CITY ) VALUES ( 'SHIVANI' , 'BOMBAY' );
INSERT INTO CUSTOMERS( CNAME , CITY ) VALUES ( 'KRANTI' , 'BOMBAY' );
INSERT INTO CUSTOMERS( CNAME , CITY ) VALUES ( 'NAREN' , 'BOMBAY' );

SELECT *
FROM CUSTOMERS;


--TABLE-4--

CREATE TABLE BORROW( LOANNO INT , CNAME VARCHAR(50) , BNAME VARCHAR(50) , AMOUNT DECIMAL(8,2) );

INSERT INTO BORROW(LOANNO , CNAME , BNAME , AMOUNT ) VALUES (201 , 'ANIL' , 'VRCE' , 1000.00 );
INSERT INTO BORROW(LOANNO , CNAME , BNAME , AMOUNT ) VALUES (206 , 'MEHUL' , 'AJNI' , 5000.00 );
INSERT INTO BORROW(LOANNO , CNAME , BNAME , AMOUNT ) VALUES (311 , 'SUNIL' , 'DHARMPETH' , 3000.00 );
INSERT INTO BORROW(LOANNO , CNAME , BNAME , AMOUNT ) VALUES (321 , 'MADHURI' , 'ANDHERI' , 2000.00 );
INSERT INTO BORROW(LOANNO , CNAME , BNAME , AMOUNT ) VALUES (375 , 'PRAMOD' , 'VIRAR' , 8000.00 );
INSERT INTO BORROW(LOANNO , CNAME , BNAME , AMOUNT ) VALUES (481 , 'KRANTI' , 'NEHRU PALACE' , 3000.00 );

SELECT *
FROM BORROW;








--SOME BASIC SYNTAX--
--DROP TABLE- DROP TABLE TABLENAME;
--INSERT VALUES- INSERT INTO TABLENAME(COL.NAME , COL.NAME ,........) VALUES (DATA1 , DATA2 );
--CREATE TABLE- CREATE TABLE TABLENAME(COL.NAME DATATYPE , COL.NAME DATATYPE , ........ );
--EXECUTE TABLE- SELECT *FROM TABLENAME;